,id,symbol,category,source,date,open,high,low,close,volume
0,5464,arbitrum,crypto,coingecko,2023-03-23 13:00:00,1.1885969146004183,1.1885969146004183,1.1885969146004183,1.1885969146004183,55.447699831759756
1,5465,arbitrum,crypto,coingecko,2023-03-23 14:00:00,1.277530816485734,1.277530816485734,1.277530816485734,1.277530816485734,57340606.43781699
2,5466,arbitrum,crypto,coingecko,2023-03-23 15:00:00,1.3287622976893363,1.3287622976893363,1.3287622976893363,1.3287622976893363,316433054.59104484
3,5467,arbitrum,crypto,coingecko,2023-03-23 16:00:00,1.270966577397014,1.270966577397014,1.270966577397014,1.270966577397014,770778637.6758596
4,5468,arbitrum,crypto,coingecko,2023-03-23 17:00:00,1.2967758054512377,1.2967758054512377,1.2967758054512377,1.2967758054512377,1033191009.5606828
5,5469,arbitrum,crypto,coingecko,2023-03-23 18:00:00,1.3266724657630096,1.3266724657630096,1.3266724657630096,1.3266724657630096,1249136478.1635203
6,5470,arbitrum,crypto,coingecko,2023-03-23 19:00:00,1.4136912941286248,1.4136912941286248,1.4136912941286248,1.4136912941286248,1380285759.7073164
7,5471,arbitrum,crypto,coingecko,2023-03-23 20:00:00,1.4342012936585506,1.4342012936585506,1.4342012936585506,1.4342012936585506,1573553606.5312688
8,5472,arbitrum,crypto,coingecko,2023-03-23 21:00:00,1.459308887234344,1.459308887234344,1.459308887234344,1.459308887234344,1738455928.282819
9,5473,arbitrum,crypto,coingecko,2023-03-23 22:00:00,1.388883471574424,1.388883471574424,1.388883471574424,1.388883471574424,1884315703.4838846
10,5474,arbitrum,crypto,coingecko,2023-03-23 23:00:00,1.3394802953309703,1.3394802953309703,1.3394802953309703,1.3394802953309703,1976169445.5142994
11,5475,arbitrum,crypto,coingecko,2023-03-24 00:00:00,1.3715053872516125,1.3715053872516125,1.3715053872516125,1.3715053872516125,2029603109.7023437
12,5476,arbitrum,crypto,coingecko,2023-03-24 01:00:00,1.4233807467590847,1.4233807467590847,1.4233807467590847,1.4233807467590847,2147515433.4583616
13,5477,arbitrum,crypto,coingecko,2023-03-24 02:00:00,1.4210039707951674,1.4210039707951674,1.4210039707951674,1.4210039707951674,2249968765.5033484
14,5478,arbitrum,crypto,coingecko,2023-03-24 03:00:00,1.405279748088662,1.405279748088662,1.405279748088662,1.405279748088662,2304255235.55845
15,5479,arbitrum,crypto,coingecko,2023-03-24 04:00:00,1.3691824512193926,1.3691824512193926,1.3691824512193926,1.3691824512193926,2373294240.4119587
16,5480,arbitrum,crypto,coingecko,2023-03-24 05:00:00,1.3845793042784484,1.3845793042784484,1.3845793042784484,1.3845793042784484,2425243272.029052
17,5481,arbitrum,crypto,coingecko,2023-03-24 06:00:00,1.4193594476014897,1.4193594476014897,1.4193594476014897,1.4193594476014897,2472900403.5172153
18,5482,arbitrum,crypto,coingecko,2023-03-24 07:00:00,1.4861819834301615,1.4861819834301615,1.4861819834301615,1.4861819834301615,2467457286.7371507
19,5483,arbitrum,crypto,coingecko,2023-03-24 08:00:00,1.5305756017918852,1.5305756017918852,1.5305756017918852,1.5305756017918852,2713680512.599299
20,5484,arbitrum,crypto,coingecko,2023-03-24 09:00:00,1.4895562202347743,1.4895562202347743,1.4895562202347743,1.4895562202347743,2901332140.5459795
21,5485,arbitrum,crypto,coingecko,2023-03-24 10:00:00,1.4783119228512793,1.4783119228512793,1.4783119228512793,1.4783119228512793,3024994636.422064
22,5486,arbitrum,crypto,coingecko,2023-03-24 11:00:00,1.4576352292426773,1.4576352292426773,1.4576352292426773,1.4576352292426773,3126699678.360377
23,5487,arbitrum,crypto,coingecko,2023-03-24 12:00:00,1.4398346877645465,1.4398346877645465,1.4398346877645465,1.4398346877645465,3224529663.6671867
24,5488,arbitrum,crypto,coingecko,2023-03-24 13:00:00,1.4187101326652916,1.4187101326652916,1.4187101326652916,1.4187101326652916,2084673363.4998446
25,5489,arbitrum,crypto,coingecko,2023-03-24 14:00:00,1.4003156801054586,1.4003156801054586,1.4003156801054586,1.4003156801054586,2092306303.2656915
26,5490,arbitrum,crypto,coingecko,2023-03-24 15:00:00,1.3837813595428547,1.3837813595428547,1.3837813595428547,1.3837813595428547,3087375079.878097
27,5491,arbitrum,crypto,coingecko,2023-03-24 16:00:00,1.3386029296398638,1.3386029296398638,1.3386029296398638,1.3386029296398638,2756886806.579638
28,5492,arbitrum,crypto,coingecko,2023-03-24 17:00:00,1.2706029989385803,1.2706029989385803,1.2706029989385803,1.2706029989385803,2571579538.515423
29,5493,arbitrum,crypto,coingecko,2023-03-24 18:00:00,1.2991238575346438,1.2991238575346438,1.2991238575346438,1.2991238575346438,2519111409.234142
30,5494,arbitrum,crypto,coingecko,2023-03-24 19:00:00,1.3139617270750055,1.3139617270750055,1.3139617270750055,1.3139617270750055,2442979830.5407434
31,5495,arbitrum,crypto,coingecko,2023-03-24 20:00:00,1.246188941223712,1.246188941223712,1.246188941223712,1.246188941223712,2329301911.51465
32,5496,arbitrum,crypto,coingecko,2023-03-24 21:00:00,1.2389146084716538,1.2389146084716538,1.2389146084716538,1.2389146084716538,2210022113.4162564
33,5497,arbitrum,crypto,coingecko,2023-03-24 22:00:00,1.2460946643641404,1.2460946643641404,1.2460946643641404,1.2460946643641404,2207354562.910426
34,5498,arbitrum,crypto,coingecko,2023-03-24 23:00:00,1.273496523704156,1.273496523704156,1.273496523704156,1.273496523704156,2152510393.138198
35,5499,arbitrum,crypto,coingecko,2023-03-25 00:00:00,1.2843659646748198,1.2843659646748198,1.2843659646748198,1.2843659646748198,2142687770.919712
36,5500,arbitrum,crypto,coingecko,2023-03-25 01:00:00,1.2937592786485967,1.2937592786485967,1.2937592786485967,1.2937592786485967,2089455540.0271049
37,5501,arbitrum,crypto,coingecko,2023-03-25 02:00:00,1.2919259729421302,1.2919259729421302,1.2919259729421302,1.2919259729421302,2074098198.4134057
38,5502,arbitrum,crypto,coingecko,2023-03-25 03:00:00,1.2629994236803015,1.2629994236803015,1.2629994236803015,1.2629994236803015,2041026885.3046932
39,5503,arbitrum,crypto,coingecko,2023-03-25 04:00:00,1.2632051855574167,1.2632051855574167,1.2632051855574167,1.2632051855574167,2014471392.952417
40,5504,arbitrum,crypto,coingecko,2023-03-25 05:00:00,1.2263607151164282,1.2263607151164282,1.2263607151164282,1.2263607151164282,1979950651.6926112
41,5505,arbitrum,crypto,coingecko,2023-03-25 06:00:00,1.2333492558460681,1.2333492558460681,1.2333492558460681,1.2333492558460681,1979484382.5552022
42,5506,arbitrum,crypto,coingecko,2023-03-25 07:00:00,1.2463039650612464,1.2463039650612464,1.2463039650612464,1.2463039650612464,1979324429.6279552
43,5507,arbitrum,crypto,coingecko,2023-03-25 08:00:00,1.2137529368436764,1.2137529368436764,1.2137529368436764,1.2137529368436764,1893853840.428466
44,5508,arbitrum,crypto,coingecko,2023-03-25 09:00:00,1.2292772644607184,1.2292772644607184,1.2292772644607184,1.2292772644607184,1776521223.5677981
45,5509,arbitrum,crypto,coingecko,2023-03-25 10:00:00,1.2465310099737628,1.2465310099737628,1.2465310099737628,1.2465310099737628,1714525700.1197696
46,5510,arbitrum,crypto,coingecko,2023-03-25 11:00:00,1.2471941479398407,1.2471941479398407,1.2471941479398407,1.2471941479398407,1644605314.883454
47,5511,arbitrum,crypto,coingecko,2023-03-25 12:00:00,1.2550161782997782,1.2550161782997782,1.2550161782997782,1.2550161782997782,1611651682.8876488
48,5512,arbitrum,crypto,coingecko,2023-03-25 13:00:00,1.2741861318622925,1.2741861318622925,1.2741861318622925,1.2741861318622925,1599146817.7328246
49,5513,arbitrum,crypto,coingecko,2023-03-25 14:00:00,1.255993456802353,1.255993456802353,1.255993456802353,1.255993456802353,1612637968.9926288
50,5514,arbitrum,crypto,coingecko,2023-03-25 15:00:00,1.2622596040126495,1.2622596040126495,1.2622596040126495,1.2622596040126495,1490810397.1576083
51,5515,arbitrum,crypto,coingecko,2023-03-25 16:00:00,1.277299407617897,1.277299407617897,1.277299407617897,1.277299407617897,1416417901.938605
52,5516,arbitrum,crypto,coingecko,2023-03-25 17:00:00,1.2482875964141034,1.2482875964141034,1.2482875964141034,1.2482875964141034,1346778512.1624706
53,5517,arbitrum,crypto,coingecko,2023-03-25 18:00:00,1.2423036388477389,1.2423036388477389,1.2423036388477389,1.2423036388477389,1250144972.1068008
54,5518,arbitrum,crypto,coingecko,2023-03-25 19:00:00,1.2139434282435948,1.2139434282435948,1.2139434282435948,1.2139434282435948,1207130842.5018086
55,5519,arbitrum,crypto,coingecko,2023-03-25 20:00:00,1.2052414133196077,1.2052414133196077,1.2052414133196077,1.2052414133196077,1188200933.1741695
56,5520,arbitrum,crypto,coingecko,2023-03-25 21:00:00,1.2087327632779603,1.2087327632779603,1.2087327632779603,1.2087327632779603,1136466937.4764962
57,5521,arbitrum,crypto,coingecko,2023-03-25 22:00:00,1.2274590283126978,1.2274590283126978,1.2274590283126978,1.2274590283126978,1069736364.3415078
58,5522,arbitrum,crypto,coingecko,2023-03-25 23:00:00,1.235255660009796,1.235255660009796,1.235255660009796,1.235255660009796,1037914944.3902947
59,5523,arbitrum,crypto,coingecko,2023-03-26 00:00:00,1.2366888042327178,1.2366888042327178,1.2366888042327178,1.2366888042327178,988589424.0086244
60,5524,arbitrum,crypto,coingecko,2023-03-26 01:00:00,1.2350203812541118,1.2350203812541118,1.2350203812541118,1.2350203812541118,973322837.6350213
61,5525,arbitrum,crypto,coingecko,2023-03-26 02:00:00,1.2377219866420128,1.2377219866420128,1.2377219866420128,1.2377219866420128,926706598.0813147
62,5526,arbitrum,crypto,coingecko,2023-03-26 03:00:00,1.229639000840963,1.229639000840963,1.229639000840963,1.229639000840963,907148175.4728974
63,5527,arbitrum,crypto,coingecko,2023-03-26 04:00:00,1.2188183713400254,1.2188183713400254,1.2188183713400254,1.2188183713400254,869584845.2703111
64,5528,arbitrum,crypto,coingecko,2023-03-26 05:00:00,1.2346622317655969,1.2346622317655969,1.2346622317655969,1.2346622317655969,853158309.7436031
65,5529,arbitrum,crypto,coingecko,2023-03-26 06:00:00,1.253406405048108,1.253406405048108,1.253406405048108,1.253406405048108,818142090.6612401
66,5530,arbitrum,crypto,coingecko,2023-03-26 07:00:00,1.270332222739818,1.270332222739818,1.270332222739818,1.270332222739818,797224755.7941688
67,5531,arbitrum,crypto,coingecko,2023-03-26 08:00:00,1.311233937240359,1.311233937240359,1.311233937240359,1.311233937240359,808618951.1919818
68,5532,arbitrum,crypto,coingecko,2023-03-26 09:00:00,1.3016788871829346,1.3016788871829346,1.3016788871829346,1.3016788871829346,829470134.0768325
69,5533,arbitrum,crypto,coingecko,2023-03-26 10:00:00,1.3006523123900031,1.3006523123900031,1.3006523123900031,1.3006523123900031,843141570.2973412
70,5534,arbitrum,crypto,coingecko,2023-03-26 11:00:00,1.2877866529626139,1.2877866529626139,1.2877866529626139,1.2877866529626139,821394046.4169283
71,5535,arbitrum,crypto,coingecko,2023-03-26 12:00:00,1.295743062982544,1.295743062982544,1.295743062982544,1.295743062982544,807251207.118427
72,5536,arbitrum,crypto,coingecko,2023-03-26 13:00:00,1.339754349515396,1.339754349515396,1.339754349515396,1.339754349515396,815839239.6542877
73,5537,arbitrum,crypto,coingecko,2023-03-26 14:00:00,1.3067794774586057,1.3067794774586057,1.3067794774586057,1.3067794774586057,835003069.2140952
74,5538,arbitrum,crypto,coingecko,2023-03-26 15:00:00,1.3075758122226724,1.3075758122226724,1.3075758122226724,1.3075758122226724,863773784.0698762
75,5539,arbitrum,crypto,coingecko,2023-03-26 16:00:00,1.3014661622052732,1.3014661622052732,1.3014661622052732,1.3014661622052732,869603514.3735094
76,5540,arbitrum,crypto,coingecko,2023-03-26 17:00:00,1.2923798370667408,1.2923798370667408,1.2923798370667408,1.2923798370667408,860995977.9976254
77,5541,arbitrum,crypto,coingecko,2023-03-26 18:00:00,1.2876734830300811,1.2876734830300811,1.2876734830300811,1.2876734830300811,835736290.6166898
78,5542,arbitrum,crypto,coingecko,2023-03-26 19:00:00,1.2866766968668062,1.2866766968668062,1.2866766968668062,1.2866766968668062,823978015.0174296
79,5543,arbitrum,crypto,coingecko,2023-03-26 20:00:00,1.2622719645260627,1.2622719645260627,1.2622719645260627,1.2622719645260627,786132571.4452134
80,5544,arbitrum,crypto,coingecko,2023-03-26 21:00:00,1.2585715350363638,1.2585715350363638,1.2585715350363638,1.2585715350363638,783178323.3718593
81,5545,arbitrum,crypto,coingecko,2023-03-26 22:00:00,1.2801000732017698,1.2801000732017698,1.2801000732017698,1.2801000732017698,788801765.33323
82,5546,arbitrum,crypto,coingecko,2023-03-26 23:00:00,1.2833057194577278,1.2833057194577278,1.2833057194577278,1.2833057194577278,796234721.7125248
83,5547,arbitrum,crypto,coingecko,2023-03-27 00:00:00,1.318432816070463,1.318432816070463,1.318432816070463,1.318432816070463,791070714.4461286
84,5548,arbitrum,crypto,coingecko,2023-03-27 01:00:00,1.296920545729738,1.296920545729738,1.296920545729738,1.296920545729738,818532997.2251315
85,5549,arbitrum,crypto,coingecko,2023-03-27 02:00:00,1.2773786715548434,1.2773786715548434,1.2773786715548434,1.2773786715548434,829799119.0882877
86,5550,arbitrum,crypto,coingecko,2023-03-27 03:00:00,1.2899985522993802,1.2899985522993802,1.2899985522993802,1.2899985522993802,850487295.5955871
87,5551,arbitrum,crypto,coingecko,2023-03-27 04:00:00,1.2871013421982351,1.2871013421982351,1.2871013421982351,1.2871013421982351,850919061.5575621
88,5552,arbitrum,crypto,coingecko,2023-03-27 05:00:00,1.256348485932269,1.256348485932269,1.256348485932269,1.256348485932269,850085563.0140359
89,5553,arbitrum,crypto,coingecko,2023-03-27 06:00:00,1.2653157167905555,1.2653157167905555,1.2653157167905555,1.2653157167905555,868902761.2254825
90,5554,arbitrum,crypto,coingecko,2023-03-27 07:00:00,1.2568285221135402,1.2568285221135402,1.2568285221135402,1.2568285221135402,878483179.8813262
91,5555,arbitrum,crypto,coingecko,2023-03-27 08:00:00,1.2674245268966164,1.2674245268966164,1.2674245268966164,1.2674245268966164,817694932.8431996
92,5556,arbitrum,crypto,coingecko,2023-03-27 09:00:00,1.276029476602667,1.276029476602667,1.276029476602667,1.276029476602667,788317393.4797448
93,5557,arbitrum,crypto,coingecko,2023-03-27 10:00:00,1.27049287128268,1.27049287128268,1.27049287128268,1.27049287128268,741720082.8006064
94,5558,arbitrum,crypto,coingecko,2023-03-27 11:00:00,1.2673673890922335,1.2673673890922335,1.2673673890922335,1.2673673890922335,737730439.7923479
95,5559,arbitrum,crypto,coingecko,2023-03-27 12:00:00,1.2413906473197307,1.2413906473197307,1.2413906473197307,1.2413906473197307,716824064.8856817
96,5560,arbitrum,crypto,coingecko,2023-03-27 13:00:00,1.240240810869382,1.240240810869382,1.240240810869382,1.240240810869382,709335660.7621473
97,5561,arbitrum,crypto,coingecko,2023-03-27 14:00:00,1.2176495007183752,1.2176495007183752,1.2176495007183752,1.2176495007183752,673070097.4755361
98,5562,arbitrum,crypto,coingecko,2023-03-27 15:00:00,1.2062834745212976,1.2062834745212976,1.2062834745212976,1.2062834745212976,656451672.1889505
99,5563,arbitrum,crypto,coingecko,2023-03-27 16:00:00,1.200730427388248,1.200730427388248,1.200730427388248,1.200730427388248,721965080.9172293
100,5564,arbitrum,crypto,coingecko,2023-03-27 17:00:00,1.1901240848513939,1.1901240848513939,1.1901240848513939,1.1901240848513939,739901716.5352942
101,5565,arbitrum,crypto,coingecko,2023-03-27 18:00:00,1.1951240162739254,1.1951240162739254,1.1951240162739254,1.1951240162739254,749125811.9009682
102,5566,arbitrum,crypto,coingecko,2023-03-27 19:00:00,1.1792009040669869,1.1792009040669869,1.1792009040669869,1.1792009040669869,760043189.9655915
103,5567,arbitrum,crypto,coingecko,2023-03-27 20:00:00,1.142855690962018,1.142855690962018,1.142855690962018,1.142855690962018,624793580.967162
104,5568,arbitrum,crypto,coingecko,2023-03-27 21:00:00,1.149950680267177,1.149950680267177,1.149950680267177,1.149950680267177,812102140.0757148
105,5569,arbitrum,crypto,coingecko,2023-03-27 22:00:00,1.1475944606770052,1.1475944606770052,1.1475944606770052,1.1475944606770052,826764985.7757196
106,5570,arbitrum,crypto,coingecko,2023-03-27 23:00:00,1.1655585150549184,1.1655585150549184,1.1655585150549184,1.1655585150549184,819833994.7157646
107,5571,arbitrum,crypto,coingecko,2023-03-28 00:00:00,1.135878760270078,1.135878760270078,1.135878760270078,1.135878760270078,823835004.4381707
108,5572,arbitrum,crypto,coingecko,2023-03-28 01:00:00,1.1427965296216538,1.1427965296216538,1.1427965296216538,1.1427965296216538,818669351.9438804
109,5573,arbitrum,crypto,coingecko,2023-03-28 02:00:00,1.1414367671748833,1.1414367671748833,1.1414367671748833,1.1414367671748833,807053103.915403
110,5574,arbitrum,crypto,coingecko,2023-03-28 03:00:00,1.126910745156062,1.126910745156062,1.126910745156062,1.126910745156062,787873809.1361727
111,5575,arbitrum,crypto,coingecko,2023-03-28 04:00:00,1.1364906914077033,1.1364906914077033,1.1364906914077033,1.1364906914077033,799687778.6468722
112,5576,arbitrum,crypto,coingecko,2023-03-28 05:00:00,1.146012449208702,1.146012449208702,1.146012449208702,1.146012449208702,820688276.761954
113,5577,arbitrum,crypto,coingecko,2023-03-28 06:00:00,1.14945585645358,1.14945585645358,1.14945585645358,1.14945585645358,802655125.8899467
114,5578,arbitrum,crypto,coingecko,2023-03-28 07:00:00,1.1462148887047923,1.1462148887047923,1.1462148887047923,1.1462148887047923,809697669.9934111
115,5579,arbitrum,crypto,coingecko,2023-03-28 08:00:00,1.1473766880867857,1.1473766880867857,1.1473766880867857,1.1473766880867857,800459804.2567501
116,5580,arbitrum,crypto,coingecko,2023-03-28 09:00:00,1.1378245293897753,1.1378245293897753,1.1378245293897753,1.1378245293897753,803137803.9580483
117,5581,arbitrum,crypto,coingecko,2023-03-28 10:00:00,1.128697034044259,1.128697034044259,1.128697034044259,1.128697034044259,789911991.6180826
118,5582,arbitrum,crypto,coingecko,2023-03-28 11:00:00,1.155065574218543,1.155065574218543,1.155065574218543,1.155065574218543,804844791.1449971
119,5583,arbitrum,crypto,coingecko,2023-03-28 12:00:00,1.1541503518654705,1.1541503518654705,1.1541503518654705,1.1541503518654705,821110169.6181264
120,5584,arbitrum,crypto,coingecko,2023-03-28 13:00:00,1.1513824668528438,1.1513824668528438,1.1513824668528438,1.1513824668528438,810845692.7832676
121,5585,arbitrum,crypto,coingecko,2023-03-28 14:00:00,1.1627604715186892,1.1627604715186892,1.1627604715186892,1.1627604715186892,797668873.6059433
122,5586,arbitrum,crypto,coingecko,2023-03-28 15:00:00,1.167258289278886,1.167258289278886,1.167258289278886,1.167258289278886,789484985.774951
123,5587,arbitrum,crypto,coingecko,2023-03-28 16:00:00,1.159142975439661,1.159142975439661,1.159142975439661,1.159142975439661,709022128.4059147
124,5588,arbitrum,crypto,coingecko,2023-03-28 17:00:00,1.1542584487100969,1.1542584487100969,1.1542584487100969,1.1542584487100969,693020752.8420033
125,5589,arbitrum,crypto,coingecko,2023-03-28 18:00:00,1.1820182275871183,1.1820182275871183,1.1820182275871183,1.1820182275871183,679784744.8369846
126,5590,arbitrum,crypto,coingecko,2023-03-28 19:00:00,1.2064192816715316,1.2064192816715316,1.2064192816715316,1.2064192816715316,671555070.8822229
127,5591,arbitrum,crypto,coingecko,2023-03-28 20:00:00,1.20030064733502,1.20030064733502,1.20030064733502,1.20030064733502,707638242.700939
128,5592,arbitrum,crypto,coingecko,2023-03-28 21:00:00,1.1917918592842107,1.1917918592842107,1.1917918592842107,1.1917918592842107,645542235.9981862
129,5593,arbitrum,crypto,coingecko,2023-03-28 22:00:00,1.19337905862836,1.19337905862836,1.19337905862836,1.19337905862836,629009848.6688336
130,5594,arbitrum,crypto,coingecko,2023-03-28 23:00:00,1.2171313187328419,1.2171313187328419,1.2171313187328419,1.2171313187328419,631373042.770842
131,5595,arbitrum,crypto,coingecko,2023-03-29 00:00:00,1.2372604650178503,1.2372604650178503,1.2372604650178503,1.2372604650178503,650951099.131876
132,5596,arbitrum,crypto,coingecko,2023-03-29 01:00:00,1.2291735038269138,1.2291735038269138,1.2291735038269138,1.2291735038269138,665363769.2628093
133,5597,arbitrum,crypto,coingecko,2023-03-29 02:00:00,1.2259542291677328,1.2259542291677328,1.2259542291677328,1.2259542291677328,679037686.7515657
134,5598,arbitrum,crypto,coingecko,2023-03-29 03:00:00,1.2297675292489003,1.2297675292489003,1.2297675292489003,1.2297675292489003,678527439.4936025
135,5599,arbitrum,crypto,coingecko,2023-03-29 04:00:00,1.243209182279986,1.243209182279986,1.243209182279986,1.243209182279986,672622303.9377478
136,5600,arbitrum,crypto,coingecko,2023-03-29 05:00:00,1.235359401779169,1.235359401779169,1.235359401779169,1.235359401779169,674826148.7949402
137,5601,arbitrum,crypto,coingecko,2023-03-29 06:00:00,1.2550848540785915,1.2550848540785915,1.2550848540785915,1.2550848540785915,672501269.132047
138,5602,arbitrum,crypto,coingecko,2023-03-29 07:00:00,1.2565403718514774,1.2565403718514774,1.2565403718514774,1.2565403718514774,704838295.106946
139,5603,arbitrum,crypto,coingecko,2023-03-29 08:00:00,1.2672886895626045,1.2672886895626045,1.2672886895626045,1.2672886895626045,714184526.4489107
140,5604,arbitrum,crypto,coingecko,2023-03-29 09:00:00,1.256675724223579,1.256675724223579,1.256675724223579,1.256675724223579,748716649.2062553
141,5605,arbitrum,crypto,coingecko,2023-03-29 10:00:00,1.248773554486963,1.248773554486963,1.248773554486963,1.248773554486963,746489929.9967073
142,5606,arbitrum,crypto,coingecko,2023-03-29 11:00:00,1.2390674712841268,1.2390674712841268,1.2390674712841268,1.2390674712841268,742405178.0279393
143,5607,arbitrum,crypto,coingecko,2023-03-29 12:00:00,1.2395287932905317,1.2395287932905317,1.2395287932905317,1.2395287932905317,750328082.3426942
144,5608,arbitrum,crypto,coingecko,2023-03-29 13:00:00,1.238551557542971,1.238551557542971,1.238551557542971,1.238551557542971,744458203.2355384
145,5609,arbitrum,crypto,coingecko,2023-03-29 14:00:00,1.211025187662369,1.211025187662369,1.211025187662369,1.211025187662369,744999313.9611789
146,5610,arbitrum,crypto,coingecko,2023-03-29 15:00:00,1.2131091331347914,1.2131091331347914,1.2131091331347914,1.2131091331347914,738911626.3246328
147,5611,arbitrum,crypto,coingecko,2023-03-29 16:00:00,1.2036036182048921,1.2036036182048921,1.2036036182048921,1.2036036182048921,751973411.7030736
148,5612,arbitrum,crypto,coingecko,2023-03-29 17:00:00,1.2086032061525116,1.2086032061525116,1.2086032061525116,1.2086032061525116,735124827.599128
149,5613,arbitrum,crypto,coingecko,2023-03-29 18:00:00,1.222407005082989,1.222407005082989,1.222407005082989,1.222407005082989,734574631.3892777
150,5614,arbitrum,crypto,coingecko,2023-03-29 19:00:00,1.2245637459871663,1.2245637459871663,1.2245637459871663,1.2245637459871663,734835616.1455573
151,5615,arbitrum,crypto,coingecko,2023-03-29 20:00:00,1.2191835211251538,1.2191835211251538,1.2191835211251538,1.2191835211251538,703387795.632598
152,5616,arbitrum,crypto,coingecko,2023-03-29 21:00:00,1.218756565013544,1.218756565013544,1.218756565013544,1.218756565013544,688034600.2914948
153,5617,arbitrum,crypto,coingecko,2023-03-29 22:00:00,1.2227091829522818,1.2227091829522818,1.2227091829522818,1.2227091829522818,673708461.8775821
154,5618,arbitrum,crypto,coingecko,2023-03-29 23:00:00,1.2286506253980845,1.2286506253980845,1.2286506253980845,1.2286506253980845,680291566.0706033
155,5619,arbitrum,crypto,coingecko,2023-03-30 00:00:00,1.2383294779250755,1.2383294779250755,1.2383294779250755,1.2383294779250755,651980444.2608473
156,5620,arbitrum,crypto,coingecko,2023-03-30 01:00:00,1.308083907632197,1.308083907632197,1.308083907632197,1.308083907632197,653330973.3695801
157,5621,arbitrum,crypto,coingecko,2023-03-30 02:00:00,1.3170927250478675,1.3170927250478675,1.3170927250478675,1.3170927250478675,790115624.5483564
158,5622,arbitrum,crypto,coingecko,2023-03-30 03:00:00,1.2943962717390942,1.2943962717390942,1.2943962717390942,1.2943962717390942,878098805.8586177
159,5623,arbitrum,crypto,coingecko,2023-03-30 04:00:00,1.2991254756128474,1.2991254756128474,1.2991254756128474,1.2991254756128474,953581298.5905147
160,5624,arbitrum,crypto,coingecko,2023-03-30 05:00:00,1.297215031295063,1.297215031295063,1.297215031295063,1.297215031295063,954594549.1793137
161,5625,arbitrum,crypto,coingecko,2023-03-30 06:00:00,1.357022015414233,1.357022015414233,1.357022015414233,1.357022015414233,977900855.7526171
162,5626,arbitrum,crypto,coingecko,2023-03-30 07:00:00,1.3596065427191786,1.3596065427191786,1.3596065427191786,1.3596065427191786,1134345071.0216115
163,5627,arbitrum,crypto,coingecko,2023-03-30 08:00:00,1.3919326471198277,1.3919326471198277,1.3919326471198277,1.3919326471198277,1184836544.443943
164,5628,arbitrum,crypto,coingecko,2023-03-30 09:00:00,1.3824600849990794,1.3824600849990794,1.3824600849990794,1.3824600849990794,1261689062.8745942
165,5629,arbitrum,crypto,coingecko,2023-03-30 10:00:00,1.367466252959904,1.367466252959904,1.367466252959904,1.367466252959904,1315707544.8883078
166,5630,arbitrum,crypto,coingecko,2023-03-30 11:00:00,1.3892870646730069,1.3892870646730069,1.3892870646730069,1.3892870646730069,1347532887.6221373
167,5631,arbitrum,crypto,coingecko,2023-03-30 12:00:00,1.380686040847606,1.380686040847606,1.380686040847606,1.380686040847606,1346095469.032958
168,5632,arbitrum,crypto,coingecko,2023-03-30 13:00:00,1.3486913624524244,1.3486913624524244,1.3486913624524244,1.3486913624524244,1360835952.8873928
169,5633,arbitrum,crypto,coingecko,2023-03-30 14:00:00,1.3475720613328592,1.3475720613328592,1.3475720613328592,1.3475720613328592,1394028879.8462315
170,5634,arbitrum,crypto,coingecko,2023-03-30 15:00:00,1.3365179999264916,1.3365179999264916,1.3365179999264916,1.3365179999264916,1393732593.0932126
171,5635,arbitrum,crypto,coingecko,2023-03-30 16:00:00,1.3373425686095233,1.3373425686095233,1.3373425686095233,1.3373425686095233,1398626910.137534
172,5636,arbitrum,crypto,coingecko,2023-03-30 17:00:00,1.3207975697442311,1.3207975697442311,1.3207975697442311,1.3207975697442311,1454019115.8909547
173,5637,arbitrum,crypto,coingecko,2023-03-30 18:00:00,1.333429573061946,1.333429573061946,1.333429573061946,1.333429573061946,1431570098.4257538
174,5638,arbitrum,crypto,coingecko,2023-03-30 19:00:00,1.3443940247116133,1.3443940247116133,1.3443940247116133,1.3443940247116133,1446804992.4856243
175,5639,arbitrum,crypto,coingecko,2023-03-30 20:00:00,1.382271116577799,1.382271116577799,1.382271116577799,1.382271116577799,1472774485.4268987
176,5640,arbitrum,crypto,coingecko,2023-03-30 21:00:00,1.3867233807575219,1.3867233807575219,1.3867233807575219,1.3867233807575219,1520124143.796079
177,5641,arbitrum,crypto,coingecko,2023-03-30 22:00:00,1.360470298396636,1.360470298396636,1.360470298396636,1.360470298396636,1530661368.1807568
178,5642,arbitrum,crypto,coingecko,2023-03-30 23:00:00,1.372683824463795,1.372683824463795,1.372683824463795,1.372683824463795,1538932457.7135942
179,5643,arbitrum,crypto,coingecko,2023-03-31 00:00:00,1.3789078957073204,1.3789078957073204,1.3789078957073204,1.3789078957073204,1549752992.2518864
180,5644,arbitrum,crypto,coingecko,2023-03-31 01:00:00,1.4080315701065707,1.4080315701065707,1.4080315701065707,1.4080315701065707,1549893036.2252097
181,5645,arbitrum,crypto,coingecko,2023-03-31 02:00:00,1.4051177080775021,1.4051177080775021,1.4051177080775021,1.4051177080775021,1443041811.1543157
182,5646,arbitrum,crypto,coingecko,2023-03-31 03:00:00,1.4308561530200106,1.4308561530200106,1.4308561530200106,1.4308561530200106,1368266552.91117
183,5647,arbitrum,crypto,coingecko,2023-03-31 04:00:00,1.4200145568123947,1.4200145568123947,1.4200145568123947,1.4200145568123947,1325983503.617229
184,5648,arbitrum,crypto,coingecko,2023-03-31 05:00:00,1.4041822999675984,1.4041822999675984,1.4041822999675984,1.4041822999675984,1329207900.8613083
185,5649,arbitrum,crypto,coingecko,2023-03-31 06:00:00,1.3845970337652502,1.3845970337652502,1.3845970337652502,1.3845970337652502,1364778676.9959905
186,5650,arbitrum,crypto,coingecko,2023-03-31 07:00:00,1.3546690340653498,1.3546690340653498,1.3546690340653498,1.3546690340653498,1191520077.5151966
187,5651,arbitrum,crypto,coingecko,2023-03-31 08:00:00,1.3547785279907976,1.3547785279907976,1.3547785279907976,1.3547785279907976,1136879957.0672946
188,5652,arbitrum,crypto,coingecko,2023-03-31 09:00:00,1.350026646787808,1.350026646787808,1.350026646787808,1.350026646787808,1069118814.6000527
189,5653,arbitrum,crypto,coingecko,2023-03-31 10:00:00,1.3502515366002241,1.3502515366002241,1.3502515366002241,1.3502515366002241,1052185207.7907785
190,5654,arbitrum,crypto,coingecko,2023-03-31 11:00:00,1.3586406284420993,1.3586406284420993,1.3586406284420993,1.3586406284420993,1007288825.6158253
191,5655,arbitrum,crypto,coingecko,2023-03-31 12:00:00,1.3752583304436938,1.3752583304436938,1.3752583304436938,1.3752583304436938,998734746.4632342
192,5656,arbitrum,crypto,coingecko,2023-03-31 13:00:00,1.3957336826131816,1.3957336826131816,1.3957336826131816,1.3957336826131816,1009627150.0192057
193,5657,arbitrum,crypto,coingecko,2023-03-31 14:00:00,1.3874285279982126,1.3874285279982126,1.3874285279982126,1.3874285279982126,1030179908.8595818
194,5658,arbitrum,crypto,coingecko,2023-03-31 15:00:00,1.3702489540559466,1.3702489540559466,1.3702489540559466,1.3702489540559466,1008001411.5609595
195,5659,arbitrum,crypto,coingecko,2023-03-31 16:00:00,1.3735226884987717,1.3735226884987717,1.3735226884987717,1.3735226884987717,1002438006.9353606
196,5660,arbitrum,crypto,coingecko,2023-03-31 17:00:00,1.377799721754312,1.377799721754312,1.377799721754312,1.377799721754312,967926250.6797067
197,5661,arbitrum,crypto,coingecko,2023-03-31 18:00:00,1.3796836044012535,1.3796836044012535,1.3796836044012535,1.3796836044012535,948909446.9139367
198,5662,arbitrum,crypto,coingecko,2023-03-31 19:00:00,1.3862102398763068,1.3862102398763068,1.3862102398763068,1.3862102398763068,931258528.6209893
199,5663,arbitrum,crypto,coingecko,2023-03-31 20:00:00,1.3848329751779755,1.3848329751779755,1.3848329751779755,1.3848329751779755,921025251.14904
200,5664,arbitrum,crypto,coingecko,2023-03-31 21:00:00,1.4028337667757855,1.4028337667757855,1.4028337667757855,1.4028337667757855,879637046.8494537
201,5665,arbitrum,crypto,coingecko,2023-03-31 22:00:00,1.4037313973247678,1.4037313973247678,1.4037313973247678,1.4037313973247678,866586622.9583062
202,5666,arbitrum,crypto,coingecko,2023-03-31 23:00:00,1.395171949668149,1.395171949668149,1.395171949668149,1.395171949668149,862609091.2363173
203,5667,arbitrum,crypto,coingecko,2023-04-01 00:00:00,1.384668556776842,1.384668556776842,1.384668556776842,1.384668556776842,855033150.5260613
204,5668,arbitrum,crypto,coingecko,2023-04-01 01:00:00,1.3832680870595209,1.3832680870595209,1.3832680870595209,1.3832680870595209,844525906.7770301
205,5669,arbitrum,crypto,coingecko,2023-04-01 02:00:00,1.3740068555662508,1.3740068555662508,1.3740068555662508,1.3740068555662508,798123504.266199
206,5670,arbitrum,crypto,coingecko,2023-04-01 03:00:00,1.36937398471616,1.36937398471616,1.36937398471616,1.36937398471616,793804405.7947923
207,5671,arbitrum,crypto,coingecko,2023-04-01 04:00:00,1.3636571818806416,1.3636571818806416,1.3636571818806416,1.3636571818806416,763190038.9027082
208,5672,arbitrum,crypto,coingecko,2023-04-01 05:00:00,1.3463649899026537,1.3463649899026537,1.3463649899026537,1.3463649899026537,756168802.1000209
209,5673,arbitrum,crypto,coingecko,2023-04-01 06:00:00,1.335010066456461,1.335010066456461,1.335010066456461,1.335010066456461,756677963.0677732
210,5674,arbitrum,crypto,coingecko,2023-04-01 07:00:00,1.3416506094487561,1.3416506094487561,1.3416506094487561,1.3416506094487561,739077602.7368019
211,5675,arbitrum,crypto,coingecko,2023-04-01 08:00:00,1.3347891638407507,1.3347891638407507,1.3347891638407507,1.3347891638407507,694838988.5631766
212,5676,arbitrum,crypto,coingecko,2023-04-01 09:00:00,1.3355105426031877,1.3355105426031877,1.3355105426031877,1.3355105426031877,687769045.5130638
213,5677,arbitrum,crypto,coingecko,2023-04-01 10:00:00,1.3409114651240506,1.3409114651240506,1.3409114651240506,1.3409114651240506,662584005.6304091
214,5678,arbitrum,crypto,coingecko,2023-04-01 11:00:00,1.3371720675005925,1.3371720675005925,1.3371720675005925,1.3371720675005925,661323813.8024435
215,5679,arbitrum,crypto,coingecko,2023-04-01 12:00:00,1.344451465014592,1.344451465014592,1.344451465014592,1.344451465014592,651693384.7335479
216,5680,arbitrum,crypto,coingecko,2023-04-01 13:00:00,1.3358857157216708,1.3358857157216708,1.3358857157216708,1.3358857157216708,619644166.0627216
217,5681,arbitrum,crypto,coingecko,2023-04-01 14:00:00,1.3178652048855568,1.3178652048855568,1.3178652048855568,1.3178652048855568,576843593.0284759
218,5682,arbitrum,crypto,coingecko,2023-04-01 15:00:00,1.2884032881071474,1.2884032881071474,1.2884032881071474,1.2884032881071474,576131714.86036
219,5683,arbitrum,crypto,coingecko,2023-04-01 16:00:00,1.2705837455788342,1.2705837455788342,1.2705837455788342,1.2705837455788342,586363968.612565
220,5684,arbitrum,crypto,coingecko,2023-04-01 17:00:00,1.2735849367637764,1.2735849367637764,1.2735849367637764,1.2735849367637764,616009647.5139027
221,5685,arbitrum,crypto,coingecko,2023-04-01 18:00:00,1.2798052704905323,1.2798052704905323,1.2798052704905323,1.2798052704905323,628033740.6272843
222,5686,arbitrum,crypto,coingecko,2023-04-01 19:00:00,1.2693631658753235,1.2693631658753235,1.2693631658753235,1.2693631658753235,624058878.330846
223,5687,arbitrum,crypto,coingecko,2023-04-01 20:00:00,1.2870762229185972,1.2870762229185972,1.2870762229185972,1.2870762229185972,624003839.2206053
224,5688,arbitrum,crypto,coingecko,2023-04-01 21:00:00,1.2959538099394188,1.2959538099394188,1.2959538099394188,1.2959538099394188,632079458.9313171
225,5689,arbitrum,crypto,coingecko,2023-04-01 22:00:00,1.2995659545215341,1.2995659545215341,1.2995659545215341,1.2995659545215341,623441167.2835854
226,5690,arbitrum,crypto,coingecko,2023-04-01 23:00:00,1.2962282393213085,1.2962282393213085,1.2962282393213085,1.2962282393213085,617072579.417272
227,5691,arbitrum,crypto,coingecko,2023-04-02 00:00:00,1.274760557780358,1.274760557780358,1.274760557780358,1.274760557780358,610078405.1330622
228,5692,arbitrum,crypto,coingecko,2023-04-02 01:00:00,1.2751747819763686,1.2751747819763686,1.2751747819763686,1.2751747819763686,602528504.4823772
229,5693,arbitrum,crypto,coingecko,2023-04-02 02:00:00,1.27258464538524,1.27258464538524,1.27258464538524,1.27258464538524,589148940.9126823
230,5694,arbitrum,crypto,coingecko,2023-04-02 03:00:00,1.2744085672623249,1.2744085672623249,1.2744085672623249,1.2744085672623249,578392783.8159362
231,5695,arbitrum,crypto,coingecko,2023-04-02 04:00:00,1.2512167462900505,1.2512167462900505,1.2512167462900505,1.2512167462900505,575448670.3399318
232,5696,arbitrum,crypto,coingecko,2023-04-02 05:00:00,1.2526800393225246,1.2526800393225246,1.2526800393225246,1.2526800393225246,581411792.6956866
233,5697,arbitrum,crypto,coingecko,2023-04-02 06:00:00,1.2672459559612639,1.2672459559612639,1.2672459559612639,1.2672459559612639,571576182.9078888
234,5698,arbitrum,crypto,coingecko,2023-04-02 07:00:00,1.2669914184768838,1.2669914184768838,1.2669914184768838,1.2669914184768838,543145170.9050736
235,5699,arbitrum,crypto,coingecko,2023-04-02 08:00:00,1.2713393429089124,1.2713393429089124,1.2713393429089124,1.2713393429089124,543566210.0612924
236,5700,arbitrum,crypto,coingecko,2023-04-02 09:00:00,1.2846080867214875,1.2846080867214875,1.2846080867214875,1.2846080867214875,535704917.42291135
237,5701,arbitrum,crypto,coingecko,2023-04-02 10:00:00,1.2813841361001264,1.2813841361001264,1.2813841361001264,1.2813841361001264,540430593.9644914
238,5702,arbitrum,crypto,coingecko,2023-04-02 11:00:00,1.2777497696136177,1.2777497696136177,1.2777497696136177,1.2777497696136177,546191315.6308995
239,5703,arbitrum,crypto,coingecko,2023-04-02 12:00:00,1.2658203653949378,1.2658203653949378,1.2658203653949378,1.2658203653949378,539742502.2215728
240,5704,arbitrum,crypto,coingecko,2023-04-02 13:00:00,1.2372156345030174,1.2372156345030174,1.2372156345030174,1.2372156345030174,543366659.5450397
241,5705,arbitrum,crypto,coingecko,2023-04-02 14:00:00,1.1862369997616735,1.1862369997616735,1.1862369997616735,1.1862369997616735,566442029.4075017
242,5706,arbitrum,crypto,coingecko,2023-04-02 15:00:00,1.1859950987467958,1.1859950987467958,1.1859950987467958,1.1859950987467958,653256931.7812862
243,5707,arbitrum,crypto,coingecko,2023-04-02 16:00:00,1.2072380008293384,1.2072380008293384,1.2072380008293384,1.2072380008293384,690169926.5651435
244,5708,arbitrum,crypto,coingecko,2023-04-02 17:00:00,1.1918431488775643,1.1918431488775643,1.1918431488775643,1.1918431488775643,734965375.822857
245,5709,arbitrum,crypto,coingecko,2023-04-02 18:00:00,1.1809514539701886,1.1809514539701886,1.1809514539701886,1.1809514539701886,750245305.5853218
246,5710,arbitrum,crypto,coingecko,2023-04-02 19:00:00,1.1534147375267536,1.1534147375267536,1.1534147375267536,1.1534147375267536,762277838.5679097
247,5711,arbitrum,crypto,coingecko,2023-04-02 20:00:00,1.163688277784564,1.163688277784564,1.163688277784564,1.163688277784564,790579009.1430618
248,5712,arbitrum,crypto,coingecko,2023-04-02 21:00:00,1.151267133975808,1.151267133975808,1.151267133975808,1.151267133975808,811030231.0451148
249,5713,arbitrum,crypto,coingecko,2023-04-02 22:00:00,1.191131673541759,1.191131673541759,1.191131673541759,1.191131673541759,814679649.8702749
250,5714,arbitrum,crypto,coingecko,2023-04-02 23:00:00,1.2002145002049138,1.2002145002049138,1.2002145002049138,1.2002145002049138,868520387.1295903
251,5715,arbitrum,crypto,coingecko,2023-04-03 00:00:00,1.198016431862428,1.198016431862428,1.198016431862428,1.198016431862428,886821425.2504529
252,5716,arbitrum,crypto,coingecko,2023-04-03 01:00:00,1.170757339607973,1.170757339607973,1.170757339607973,1.170757339607973,891551427.7514584
253,5717,arbitrum,crypto,coingecko,2023-04-03 02:00:00,1.1986521269540151,1.1986521269540151,1.1986521269540151,1.1986521269540151,903832213.1177245
254,5718,arbitrum,crypto,coingecko,2023-04-03 03:00:00,1.204447658438726,1.204447658438726,1.204447658438726,1.204447658438726,939154545.0221971
255,5719,arbitrum,crypto,coingecko,2023-04-03 04:00:00,1.1850908420064423,1.1850908420064423,1.1850908420064423,1.1850908420064423,973068892.3100933
256,5720,arbitrum,crypto,coingecko,2023-04-03 05:00:00,1.181686480172783,1.181686480172783,1.181686480172783,1.181686480172783,947879927.353523
257,5721,arbitrum,crypto,coingecko,2023-04-03 06:00:00,1.1902937631695747,1.1902937631695747,1.1902937631695747,1.1902937631695747,950083083.939512
258,5722,arbitrum,crypto,coingecko,2023-04-03 07:00:00,1.2160303638746928,1.2160303638746928,1.2160303638746928,1.2160303638746928,937524451.4003721
259,5723,arbitrum,crypto,coingecko,2023-04-03 08:00:00,1.2104607366069797,1.2104607366069797,1.2104607366069797,1.2104607366069797,955645604.0676903
260,5724,arbitrum,crypto,coingecko,2023-04-03 09:00:00,1.2161466447509157,1.2161466447509157,1.2161466447509157,1.2161466447509157,984926625.8196537
261,5725,arbitrum,crypto,coingecko,2023-04-03 10:00:00,1.2110621244567024,1.2110621244567024,1.2110621244567024,1.2110621244567024,976763639.673379
262,5726,arbitrum,crypto,coingecko,2023-04-03 11:00:00,1.203453368824971,1.203453368824971,1.203453368824971,1.203453368824971,983617071.0800898
263,5727,arbitrum,crypto,coingecko,2023-04-03 12:00:00,1.1883822533028288,1.1883822533028288,1.1883822533028288,1.1883822533028288,989672121.4212074
264,5728,arbitrum,crypto,coingecko,2023-04-03 13:00:00,1.1898208570808382,1.1898208570808382,1.1898208570808382,1.1898208570808382,992900820.8604629
265,5729,arbitrum,crypto,coingecko,2023-04-03 14:00:00,1.1776126911901375,1.1776126911901375,1.1776126911901375,1.1776126911901375,950916915.1703837
266,5730,arbitrum,crypto,coingecko,2023-04-03 15:00:00,1.1812422285843502,1.1812422285843502,1.1812422285843502,1.1812422285843502,897722530.6131755
267,5731,arbitrum,crypto,coingecko,2023-04-03 16:00:00,1.1584653608305615,1.1584653608305615,1.1584653608305615,1.1584653608305615,807900946.0080013
268,5732,arbitrum,crypto,coingecko,2023-04-03 17:00:00,1.1701444149369324,1.1701444149369324,1.1701444149369324,1.1701444149369324,759239990.7377456
269,5733,arbitrum,crypto,coingecko,2023-04-03 18:00:00,1.1718943586499986,1.1718943586499986,1.1718943586499986,1.1718943586499986,740000961.7198728
270,5734,arbitrum,crypto,coingecko,2023-04-03 19:00:00,1.1802528669998051,1.1802528669998051,1.1802528669998051,1.1802528669998051,766615285.6544311
271,5735,arbitrum,crypto,coingecko,2023-04-03 20:00:00,1.1281834723938151,1.1281834723938151,1.1281834723938151,1.1281834723938151,661506624.2059335
272,5736,arbitrum,crypto,coingecko,2023-04-03 21:00:00,1.1494027993899187,1.1494027993899187,1.1494027993899187,1.1494027993899187,774250540.0951341
273,5737,arbitrum,crypto,coingecko,2023-04-03 22:00:00,1.1511657825079973,1.1511657825079973,1.1511657825079973,1.1511657825079973,812835032.7339448
274,5738,arbitrum,crypto,coingecko,2023-04-03 23:00:00,1.1547575801041694,1.1547575801041694,1.1547575801041694,1.1547575801041694,794736218.1294079
275,5739,arbitrum,crypto,coingecko,2023-04-04 00:00:00,1.1683356101297138,1.1683356101297138,1.1683356101297138,1.1683356101297138,768574364.2310195
276,5740,arbitrum,crypto,coingecko,2023-04-04 01:00:00,1.1627891556410679,1.1627891556410679,1.1627891556410679,1.1627891556410679,760108397.9682747
277,5741,arbitrum,crypto,coingecko,2023-04-04 02:00:00,1.1674338844483494,1.1674338844483494,1.1674338844483494,1.1674338844483494,742596304.5097852
278,5742,arbitrum,crypto,coingecko,2023-04-04 03:00:00,1.1587613741419562,1.1587613741419562,1.1587613741419562,1.1587613741419562,709076124.7688811
279,5743,arbitrum,crypto,coingecko,2023-04-04 04:00:00,1.1556006154120473,1.1556006154120473,1.1556006154120473,1.1556006154120473,684161438.9950684
280,5744,arbitrum,crypto,coingecko,2023-04-04 05:00:00,1.1696029063940399,1.1696029063940399,1.1696029063940399,1.1696029063940399,674363394.1029845
281,5745,arbitrum,crypto,coingecko,2023-04-04 06:00:00,1.180412866196842,1.180412866196842,1.180412866196842,1.180412866196842,678857196.4951122
282,5746,arbitrum,crypto,coingecko,2023-04-04 07:00:00,1.1758618759762165,1.1758618759762165,1.1758618759762165,1.1758618759762165,697858222.2340256
283,5747,arbitrum,crypto,coingecko,2023-04-04 08:00:00,1.180023031156129,1.180023031156129,1.180023031156129,1.180023031156129,685812806.8971564
284,5748,arbitrum,crypto,coingecko,2023-04-04 09:00:00,1.1803178849582403,1.1803178849582403,1.1803178849582403,1.1803178849582403,647665962.516898
285,5749,arbitrum,crypto,coingecko,2023-04-04 10:00:00,1.1892313382279665,1.1892313382279665,1.1892313382279665,1.1892313382279665,654987359.7143724
286,5750,arbitrum,crypto,coingecko,2023-04-04 11:00:00,1.204494567199902,1.204494567199902,1.204494567199902,1.204494567199902,657633305.9723494
287,5751,arbitrum,crypto,coingecko,2023-04-04 12:00:00,1.2138669525083423,1.2138669525083423,1.2138669525083423,1.2138669525083423,685941027.3156865
288,5752,arbitrum,crypto,coingecko,2023-04-04 13:00:00,1.2014387405716669,1.2014387405716669,1.2014387405716669,1.2014387405716669,681272490.8123986
289,5753,arbitrum,crypto,coingecko,2023-04-04 14:00:00,1.217505671477267,1.217505671477267,1.217505671477267,1.217505671477267,695027537.0247114
290,5754,arbitrum,crypto,coingecko,2023-04-04 15:00:00,1.2273224098573319,1.2273224098573319,1.2273224098573319,1.2273224098573319,704023300.2461858
291,5755,arbitrum,crypto,coingecko,2023-04-04 16:00:00,1.2468825651683717,1.2468825651683717,1.2468825651683717,1.2468825651683717,726973521.9792032
292,5756,arbitrum,crypto,coingecko,2023-04-04 17:00:00,1.2546785758138466,1.2546785758138466,1.2546785758138466,1.2546785758138466,749098003.5972157
293,5757,arbitrum,crypto,coingecko,2023-04-04 18:00:00,1.2403725178081715,1.2403725178081715,1.2403725178081715,1.2403725178081715,768818773.109961
294,5758,arbitrum,crypto,coingecko,2023-04-04 19:00:00,1.2386016678921639,1.2386016678921639,1.2386016678921639,1.2386016678921639,741270802.0893828
295,5759,arbitrum,crypto,coingecko,2023-04-04 20:00:00,1.248805601494747,1.248805601494747,1.248805601494747,1.248805601494747,722990468.6813642
296,5760,arbitrum,crypto,coingecko,2023-04-04 21:00:00,1.2562241661772595,1.2562241661772595,1.2562241661772595,1.2562241661772595,672614637.3449184
297,5761,arbitrum,crypto,coingecko,2023-04-04 22:00:00,1.2425769103717998,1.2425769103717998,1.2425769103717998,1.2425769103717998,633885199.6037501
298,5762,arbitrum,crypto,coingecko,2023-04-04 23:00:00,1.2357040293902788,1.2357040293902788,1.2357040293902788,1.2357040293902788,628607859.9314135
299,5763,arbitrum,crypto,coingecko,2023-04-05 00:00:00,1.2535013605986072,1.2535013605986072,1.2535013605986072,1.2535013605986072,620701974.9953737
300,5764,arbitrum,crypto,coingecko,2023-04-05 01:00:00,1.2604926047061147,1.2604926047061147,1.2604926047061147,1.2604926047061147,627467924.8556954
301,5765,arbitrum,crypto,coingecko,2023-04-05 02:00:00,1.2806014301732507,1.2806014301732507,1.2806014301732507,1.2806014301732507,643110772.2603165
302,5766,arbitrum,crypto,coingecko,2023-04-05 03:00:00,1.2782318921102138,1.2782318921102138,1.2782318921102138,1.2782318921102138,665703676.8429229
303,5767,arbitrum,crypto,coingecko,2023-04-05 04:00:00,1.2699718045331474,1.2699718045331474,1.2699718045331474,1.2699718045331474,683375882.2460222
304,5768,arbitrum,crypto,coingecko,2023-04-05 05:00:00,1.2738065480366696,1.2738065480366696,1.2738065480366696,1.2738065480366696,693948941.9571579
305,5769,arbitrum,crypto,coingecko,2023-04-05 06:00:00,1.2691972073793947,1.2691972073793947,1.2691972073793947,1.2691972073793947,682343804.9247496
306,5770,arbitrum,crypto,coingecko,2023-04-05 07:00:00,1.2650020878651245,1.2650020878651245,1.2650020878651245,1.2650020878651245,662837179.9765245
307,5771,arbitrum,crypto,coingecko,2023-04-05 08:00:00,1.2612762560543664,1.2612762560543664,1.2612762560543664,1.2612762560543664,669240210.0696627
308,5772,arbitrum,crypto,coingecko,2023-04-05 09:00:00,1.27850973520513,1.27850973520513,1.27850973520513,1.27850973520513,670442121.505458
309,5773,arbitrum,crypto,coingecko,2023-04-05 10:00:00,1.2718410892772203,1.2718410892772203,1.2718410892772203,1.2718410892772203,681043558.682462
310,5774,arbitrum,crypto,coingecko,2023-04-05 11:00:00,1.2731322920264554,1.2731322920264554,1.2731322920264554,1.2731322920264554,665433906.6432306
311,5775,arbitrum,crypto,coingecko,2023-04-05 12:00:00,1.2646267582370083,1.2646267582370083,1.2646267582370083,1.2646267582370083,640274332.3755809
312,5776,arbitrum,crypto,coingecko,2023-04-05 13:00:00,1.255073254455565,1.255073254455565,1.255073254455565,1.255073254455565,656874164.9851047
313,5777,arbitrum,crypto,coingecko,2023-04-05 14:00:00,1.237478446047785,1.237478446047785,1.237478446047785,1.237478446047785,646155488.6586367
314,5778,arbitrum,crypto,coingecko,2023-04-05 15:00:00,1.2335977183337654,1.2335977183337654,1.2335977183337654,1.2335977183337654,636310765.1115932
315,5779,arbitrum,crypto,coingecko,2023-04-05 16:00:00,1.2205538006709595,1.2205538006709595,1.2205538006709595,1.2205538006709595,614045346.5728296
316,5780,arbitrum,crypto,coingecko,2023-04-05 17:00:00,1.2246886429067618,1.2246886429067618,1.2246886429067618,1.2246886429067618,586109937.94733
317,5781,arbitrum,crypto,coingecko,2023-04-05 18:00:00,1.2210135102910211,1.2210135102910211,1.2210135102910211,1.2210135102910211,568183317.2352793
318,5782,arbitrum,crypto,coingecko,2023-04-05 19:00:00,1.2574127991064619,1.2574127991064619,1.2574127991064619,1.2574127991064619,554820066.9252651
319,5783,arbitrum,crypto,coingecko,2023-04-05 20:00:00,1.2457710268743056,1.2457710268743056,1.2457710268743056,1.2457710268743056,568620845.6929166
320,5784,arbitrum,crypto,coingecko,2023-04-05 21:00:00,1.2484986751396645,1.2484986751396645,1.2484986751396645,1.2484986751396645,592368991.061348
321,5785,arbitrum,crypto,coingecko,2023-04-05 22:00:00,1.245332367441673,1.245332367441673,1.245332367441673,1.245332367441673,582012235.3952341
322,5786,arbitrum,crypto,coingecko,2023-04-05 23:00:00,1.2441324925691961,1.2441324925691961,1.2441324925691961,1.2441324925691961,578809912.5328604
323,5787,arbitrum,crypto,coingecko,2023-04-06 00:00:00,1.2257450339798208,1.2257450339798208,1.2257450339798208,1.2257450339798208,570001839.8265824
324,5788,arbitrum,crypto,coingecko,2023-04-06 01:00:00,1.2233014452842719,1.2233014452842719,1.2233014452842719,1.2233014452842719,553508755.0624053
325,5789,arbitrum,crypto,coingecko,2023-04-06 02:00:00,1.2202850039493893,1.2202850039493893,1.2202850039493893,1.2202850039493893,540911499.2118402
326,5790,arbitrum,crypto,coingecko,2023-04-06 03:00:00,1.2277783678555756,1.2277783678555756,1.2277783678555756,1.2277783678555756,500987177.15364033
327,5791,arbitrum,crypto,coingecko,2023-04-06 04:00:00,1.223996312214084,1.223996312214084,1.223996312214084,1.223996312214084,488094526.92302394
328,5792,arbitrum,crypto,coingecko,2023-04-06 05:00:00,1.2122330324391373,1.2122330324391373,1.2122330324391373,1.2122330324391373,485165429.05603516
329,5793,arbitrum,crypto,coingecko,2023-04-06 06:00:00,1.2155900712420682,1.2155900712420682,1.2155900712420682,1.2155900712420682,489153256.2375047
330,5794,arbitrum,crypto,coingecko,2023-04-06 07:00:00,1.2046803984721057,1.2046803984721057,1.2046803984721057,1.2046803984721057,488887630.0787623
331,5795,arbitrum,crypto,coingecko,2023-04-06 08:00:00,1.2026912973049988,1.2026912973049988,1.2026912973049988,1.2026912973049988,471213530.16042846
332,5796,arbitrum,crypto,coingecko,2023-04-06 09:00:00,1.204656854928565,1.204656854928565,1.204656854928565,1.204656854928565,474281230.21039253
333,5797,arbitrum,crypto,coingecko,2023-04-06 10:00:00,1.1888130999075004,1.1888130999075004,1.1888130999075004,1.1888130999075004,448520973.25100267
334,5798,arbitrum,crypto,coingecko,2023-04-06 11:00:00,1.1995767021933128,1.1995767021933128,1.1995767021933128,1.1995767021933128,457822356.2169015
335,5799,arbitrum,crypto,coingecko,2023-04-06 12:00:00,1.1944821195705424,1.1944821195705424,1.1944821195705424,1.1944821195705424,457209057.0060516
336,5800,arbitrum,crypto,coingecko,2023-04-06 13:00:00,1.1997438592632172,1.1997438592632172,1.1997438592632172,1.1997438592632172,434808415.6070226
337,5801,arbitrum,crypto,coingecko,2023-04-06 14:00:00,1.2020067848212928,1.2020067848212928,1.2020067848212928,1.2020067848212928,417146107.00930566
338,5802,arbitrum,crypto,coingecko,2023-04-06 15:00:00,1.2137460237681053,1.2137460237681053,1.2137460237681053,1.2137460237681053,404311360.6975219
339,5803,arbitrum,crypto,coingecko,2023-04-06 16:00:00,1.2140663186589178,1.2140663186589178,1.2140663186589178,1.2140663186589178,389070938.8452102
340,5804,arbitrum,crypto,coingecko,2023-04-06 17:00:00,1.2082700329662062,1.2082700329662062,1.2082700329662062,1.2082700329662062,374891057.8073485
341,5805,arbitrum,crypto,coingecko,2023-04-06 18:00:00,1.2022425831899293,1.2022425831899293,1.2022425831899293,1.2022425831899293,361835945.64359576
342,5806,arbitrum,crypto,coingecko,2023-04-06 19:00:00,1.2074644440135807,1.2074644440135807,1.2074644440135807,1.2074644440135807,362257985.32942533
343,5807,arbitrum,crypto,coingecko,2023-04-06 20:00:00,1.2038305210195464,1.2038305210195464,1.2038305210195464,1.2038305210195464,332372264.17918324
344,5808,arbitrum,crypto,coingecko,2023-04-06 21:00:00,1.1996005581071505,1.1996005581071505,1.1996005581071505,1.1996005581071505,321438000.1412765
345,5809,arbitrum,crypto,coingecko,2023-04-06 22:00:00,1.206029937360562,1.206029937360562,1.206029937360562,1.206029937360562,322590333.08873534
346,5810,arbitrum,crypto,coingecko,2023-04-06 23:00:00,1.2129008746122534,1.2129008746122534,1.2129008746122534,1.2129008746122534,320761511.41714376
347,5811,arbitrum,crypto,coingecko,2023-04-07 00:00:00,1.2330745064548736,1.2330745064548736,1.2330745064548736,1.2330745064548736,315580476.58842796
348,5812,arbitrum,crypto,coingecko,2023-04-07 01:00:00,1.2346309232698933,1.2346309232698933,1.2346309232698933,1.2346309232698933,318884572.7400665
349,5813,arbitrum,crypto,coingecko,2023-04-07 02:00:00,1.2349360372872995,1.2349360372872995,1.2349360372872995,1.2349360372872995,318510933.9947566
350,5814,arbitrum,crypto,coingecko,2023-04-07 03:00:00,1.2292725706979064,1.2292725706979064,1.2292725706979064,1.2292725706979064,325845937.2863777
351,5815,arbitrum,crypto,coingecko,2023-04-07 04:00:00,1.227579132753227,1.227579132753227,1.227579132753227,1.227579132753227,339510934.42641044
352,5816,arbitrum,crypto,coingecko,2023-04-07 05:00:00,1.21641433456927,1.21641433456927,1.21641433456927,1.21641433456927,339303003.7004406
353,5817,arbitrum,crypto,coingecko,2023-04-07 06:00:00,1.202481960144917,1.202481960144917,1.202481960144917,1.202481960144917,336873327.81444085
354,5818,arbitrum,crypto,coingecko,2023-04-07 07:00:00,1.1985477995394478,1.1985477995394478,1.1985477995394478,1.1985477995394478,341575365.1540577
355,5819,arbitrum,crypto,coingecko,2023-04-07 08:00:00,1.2000352176910103,1.2000352176910103,1.2000352176910103,1.2000352176910103,343372686.7949961
356,5820,arbitrum,crypto,coingecko,2023-04-07 09:00:00,1.198712462890052,1.198712462890052,1.198712462890052,1.198712462890052,337900184.2442938
357,5821,arbitrum,crypto,coingecko,2023-04-07 10:00:00,1.2016486044666252,1.2016486044666252,1.2016486044666252,1.2016486044666252,338710492.83878464
358,5822,arbitrum,crypto,coingecko,2023-04-07 11:00:00,1.1917062858985867,1.1917062858985867,1.1917062858985867,1.1917062858985867,320880172.7838676
359,5823,arbitrum,crypto,coingecko,2023-04-07 12:00:00,1.1972300726992566,1.1972300726992566,1.1972300726992566,1.1972300726992566,319908123.14082277
360,5824,arbitrum,crypto,coingecko,2023-04-07 13:00:00,1.2002707048527264,1.2002707048527264,1.2002707048527264,1.2002707048527264,325962637.7017272
361,5825,arbitrum,crypto,coingecko,2023-04-07 14:00:00,1.2035493093475338,1.2035493093475338,1.2035493093475338,1.2035493093475338,322158674.4261986
362,5826,arbitrum,crypto,coingecko,2023-04-07 15:00:00,1.200026422344686,1.200026422344686,1.200026422344686,1.200026422344686,316293357.796449
